"id","title","body","tags","latitude","longitude","placeName","createdAt","updatedAt"
"3e229c3c-0769-5181-b451-f8918cbb6953","朝の登校準備","長男と次男の水筒、連絡帳、体操着を確認。末っ子の着替えもそろえて家を出た。","[""育児""]","35.704","139.6316","自宅","2026-05-01T06:35:00+09:00","2026-05-01T06:35:00+09:00"
"3928f287-d8b6-5494-a574-7b015cdf9966","保育園へ送った","末っ子を保育園へ送った。週末に作った工作を先生へうれしそうに見せていた。","[""育児""]","35.7062","139.6305","荻窪保育園","2026-05-01T07:40:00+09:00","2026-05-01T07:40:00+09:00"
"dff6dcd1-215c-55ff-9c4a-66d3e829891b","朝会で進捗確認","朝会で担当機能の進捗と懸念点を共有。レビュー待ちを先に解消する方針にした。","[""仕事""]","35.6895","139.6917","職場（新宿）","2026-05-01T09:15:00+09:00","2026-05-01T09:15:00+09:00"
"ede4401a-1bd9-5658-a297-19ccb676d0fb","仕様のすり合わせ","企画担当と新機能の仕様を確認。曖昧だったエラー時の挙動を決めてタスクへ反映した。","[""仕事"", ""会議""]","35.6895","139.6917","職場（新宿）","2026-05-01T11:10:00+09:00","2026-05-01T11:10:00+09:00"
"a1cbe359-343a-5189-9c9c-bb6efdcd6e46","コードレビュー","チームメンバーの変更をレビュー。境界値のテストを追加してもらうことにした。","[""仕事"", ""開発""]","35.6895","139.6917","職場（新宿）","2026-05-01T13:20:00+09:00","2026-05-01T13:20:00+09:00"
"da2bab2a-5494-50bd-8d45-33033e7d62b1","不具合を調査","問い合わせのあった不具合を再現。ログから原因の候補を絞り、修正方針を整理した。","[""仕事"", ""開発""]","35.6895","139.6917","職場（新宿）","2026-05-01T16:30:00+09:00","2026-05-01T16:30:00+09:00"
"4b3aa55f-8afe-59f2-a5f5-3c4eb8520079","洗濯物を片付けた","子ども3人分の洗濯物を畳んで各部屋へ。体操着は明日使うので先に乾かした。","[""家事"", ""日常""]","35.704","139.6316","自宅","2026-05-01T18:25:00+09:00","2026-05-01T18:25:00+09:00"
"56616a6f-a2fb-510e-b60e-a42160c23b57","宿題を確認","夕食前に長男の算数と次男の漢字の宿題を確認。間違えたところを一緒にやり直した。","[""育児""]","35.704","139.6316","自宅","2026-05-01T19:20:00+09:00","2026-05-01T19:20:00+09:00"
"9771b67e-fe72-5df4-840b-0e575c18ddcd","学校のプリント整理","ランドセルから出てきた学校のプリントを確認。提出物と行事予定を家族のカレンダーへ登録した。","[""育児""]","35.704","139.6316","自宅","2026-05-01T20:35:00+09:00","2026-05-01T20:35:00+09:00"
"e5ea1652-b7c2-5a8d-9c96-dfe4dadee2ad","寝る前に読書","子どもたちが寝た後、技術書を20分だけ読んだ。明日に響かないところで切り上げた。","[""読書""]","35.704","139.6316","自宅","2026-05-01T22:10:00+09:00","2026-05-01T22:10:00+09:00"
"6e5a5740-a8c1-5e35-9574-6ece0d0605ea","休日の朝食","子どもたちと少し遅めの朝食。今日の予定と家事の分担を確認した。","[""育児"", ""休日""]","35.704","139.6316","自宅","2026-05-02T07:30:00+09:00","2026-05-02T07:30:00+09:00"
"a7786336-1dcb-5ae8-a6d0-fd3ba085a153","学校行事の準備","来週の校外学習に必要な物を長男と確認。雨具と敷物に名前を書いた。","[""育児""]","35.704","139.6316","自宅","2026-05-02T08:45:00+09:00","2026-05-02T08:45:00+09:00"
"89fb5701-525c-5239-b554-d2d3a3e2cfd5","散髪へ連れて行った","伸びていた長男と次男の髪を切りに行った。待つ間、末っ子と近くで買い物を済ませた。","[""育児"", ""家事""]","35.705","139.635","荻窪駅前","2026-05-02T10:10:00+09:00","2026-05-02T10:10:00+09:00"
"06d4aa07-ec94-54ec-9af0-00cea7365676","家族で図書館","返却期限の本を返し、子どもたちは次に読む本を選んだ。寝る前用の絵本も3冊借りた。","[""育児""]","35.706","139.637","杉並区立荻窪図書館","2026-05-02T11:40:00+09:00","2026-05-02T11:40:00+09:00"
"4e8ff864-37db-5223-b250-a544da6608fc","習い事の送迎","午前は長男の空手、午後は次男のサッカーへ送迎。待ち時間に末っ子と図書館へ寄った。","[""育児""]","35.708","139.629","荻窪小学校","2026-05-02T13:30:00+09:00","2026-05-02T13:30:00+09:00"
"070f699a-fa93-5b58-9e32-fac2a00888d3","一週間分の買い出し","家族で一週間分の食材と日用品を買い出し。献立を決めてから回ったので短時間で済んだ。","[""育児""]","35.702","139.634","荻窪駅前スーパー","2026-05-02T15:20:00+09:00","2026-05-02T15:20:00+09:00"
"b2917389-331b-53cd-879a-1cf0ac6d55cf","夕食の買い出し","帰宅途中に夕食と翌朝の食材を購入。牛乳と卵の減りが今週も早い。","[""家事"", ""日常""]","35.704","139.6316","自宅","2026-05-02T17:15:00+09:00","2026-05-02T17:15:00+09:00"
"75476ca7-3fbc-5cf7-8842-f22f39ffbe56","家族で夕食","子どもたちにも配膳を手伝ってもらい、家族そろって夕食。翌日の予定も確認した。","[""育児"", ""食事""]","35.704","139.6316","自宅","2026-05-02T18:40:00+09:00","2026-05-02T18:40:00+09:00"
"8b507755-0e88-52b4-a41d-944e3f92c139","台所を片付けた","夕食後の食器を洗い、水筒3本も漂白。明日の朝すぐ使えるよう並べた。","[""家事"", ""日常""]","35.704","139.6316","自宅","2026-05-02T20:15:00+09:00","2026-05-02T20:15:00+09:00"
"65b77aa8-beb4-5ac6-ae37-94d4157f825a","家族で映画鑑賞","夕食後に家族でアニメ映画を一本観た。末っ子が眠くなったので途中で休憩を挟んだ。","[""育児"", ""映画""]","35.704","139.6316","自宅","2026-05-02T21:30:00+09:00","2026-05-02T21:30:00+09:00"
"f892cf05-21a6-55cf-96e6-449ff4737720","連休の予定を確認","憲法記念日。残りの連休で済ませたい家事と子どもたちの希望を確認。混雑を避けて近所で過ごすことにした。","[""育児"", ""休日""]","35.704","139.6316","自宅","2026-05-03T07:30:00+09:00","2026-05-03T07:30:00+09:00"
"3aba6a17-87ea-5464-bdd5-5cf5f96decb9","子ども部屋を掃除","憲法記念日。子ども3人と机の上や床を片付けた。不要なプリントを分け、なくしていた消しゴムも見つかった。","[""育児""]","35.704","139.6316","自宅","2026-05-03T08:45:00+09:00","2026-05-03T08:45:00+09:00"
"524fe6d7-3ec1-5593-a9a6-b1458ceed8e0","公園で体を動かした","憲法記念日。近所の公園で子どもたちとボール遊び。末っ子の自転車の練習にも付き合った。","[""育児"", ""家事""]","35.7","139.638","善福寺公園","2026-05-03T10:10:00+09:00","2026-05-03T10:10:00+09:00"
"dd458800-e903-5c07-b1d2-047ebb9b784d","上履きを洗った","憲法記念日。学校と保育園から持ち帰った上履き3足を子どもたちと洗った。ベランダに並べて干した。","[""育児""]","35.704","139.6316","自宅","2026-05-03T11:40:00+09:00","2026-05-03T11:40:00+09:00"
"7f5541ec-0025-5516-99e5-50298f0c8a49","学校行事の準備","憲法記念日。来週の校外学習に必要な物を長男と確認。雨具と敷物に名前を書いた。","[""育児""]","35.704","139.6316","自宅","2026-05-03T13:30:00+09:00","2026-05-03T13:30:00+09:00"
"2a8990fc-faf7-5534-9a34-1ed6823c4bfe","散髪へ連れて行った","憲法記念日。伸びていた長男と次男の髪を切りに行った。待つ間、末っ子と近くで買い物を済ませた。","[""育児""]","35.705","139.635","荻窪駅前","2026-05-03T15:20:00+09:00","2026-05-03T15:20:00+09:00"
"2cc21919-3b83-5195-8ad7-6c750ac2521c","作り置き","憲法記念日。平日の夕食が少し楽になるよう、野菜のおかずと下味を付けた肉を準備した。","[""家事"", ""日常""]","35.704","139.6316","自宅","2026-05-03T17:15:00+09:00","2026-05-03T17:15:00+09:00"
"a75c1da8-29a5-54e8-874e-a373c92fae0b","家族で夕食","憲法記念日。子どもたちにも配膳を手伝ってもらい、家族そろって夕食。翌日の予定も確認した。","[""育児"", ""食事""]","35.704","139.6316","自宅","2026-05-03T18:40:00+09:00","2026-05-03T18:40:00+09:00"
"bda7b08f-34f3-5641-bcda-6f962b9cfafe","家計を確認","憲法記念日。今月の食費と習い事の引き落としを確認。連休分を含めても予算内に収まっていた。","[""家事"", ""日常""]","35.704","139.6316","自宅","2026-05-03T20:15:00+09:00","2026-05-03T20:15:00+09:00"
"70786c0f-56bd-5f9c-89f6-d25d44975366","ゲームを少し","憲法記念日。家事が終わってからゲームを30分だけ進めた。時間を決めていたので日付が変わる前に終了。","[""ゲーム"", ""趣味""]","35.704","139.6316","自宅","2026-05-03T21:30:00+09:00","2026-05-03T21:30:00+09:00"
"92e1daff-ee87-5c46-b58d-d66080c362c6","家族で衣替え","みどりの日。子ども3人の夏服を出した。小さくなった服を分け、足りない肌着をメモした。","[""育児"", ""休日""]","35.704","139.6316","自宅","2026-05-04T07:30:00+09:00","2026-05-04T07:30:00+09:00"
"5af36f9e-73ff-5d86-91d9-6927c206cffd","家族で図書館","みどりの日。返却期限の本を返し、子どもたちは次に読む本を選んだ。寝る前用の絵本も3冊借りた。","[""育児""]","35.706","139.637","杉並区立荻窪図書館","2026-05-04T08:45:00+09:00","2026-05-04T08:45:00+09:00"
"c9ecd036-8896-5612-b9c5-8c19f6aec722","習い事の送迎","みどりの日。午前は長男の空手、午後は次男のサッカーへ送迎。待ち時間に末っ子と図書館へ寄った。","[""育児"", ""家事""]","35.708","139.629","荻窪小学校","2026-05-04T10:10:00+09:00","2026-05-04T10:10:00+09:00"
"b5bf5847-7717-5d26-b12e-cd555e569299","一週間分の買い出し","みどりの日。家族で一週間分の食材と日用品を買い出し。献立を決めてから回ったので短時間で済んだ。","[""育児""]","35.702","139.634","荻窪駅前スーパー","2026-05-04T11:40:00+09:00","2026-05-04T11:40:00+09:00"
"2f3d99f8-f0ae-502b-acde-31474e01d138","子ども部屋を掃除","みどりの日。子ども3人と机の上や床を片付けた。不要なプリントを分け、なくしていた消しゴムも見つかった。","[""育児""]","35.704","139.6316","自宅","2026-05-04T13:30:00+09:00","2026-05-04T13:30:00+09:00"
"75d1c487-bb76-5247-9f98-774b0ae6d9dc","公園で体を動かした","みどりの日。近所の公園で子どもたちとボール遊び。末っ子の自転車の練習にも付き合った。","[""育児""]","35.7","139.638","善福寺公園","2026-05-04T15:20:00+09:00","2026-05-04T15:20:00+09:00"
"22dead28-6240-5489-b0cc-2696c376ec7b","台所を片付けた","みどりの日。夕食後の食器を洗い、水筒3本も漂白。明日の朝すぐ使えるよう並べた。","[""家事"", ""日常""]","35.704","139.6316","自宅","2026-05-04T17:15:00+09:00","2026-05-04T17:15:00+09:00"
"5ffaf0b8-a1d3-5b76-bcb7-22a5d974532e","家族で夕食","みどりの日。子どもたちにも配膳を手伝ってもらい、家族そろって夕食。翌日の予定も確認した。","[""育児"", ""食事""]","35.704","139.6316","自宅","2026-05-04T18:40:00+09:00","2026-05-04T18:40:00+09:00"
"c08ab239-2ca5-5547-a689-eb051d565672","ごみ出し","みどりの日。出勤前に可燃ごみを出した。子ども部屋から集めるだけで袋がいっぱいになった。","[""家事"", ""日常""]","35.704","139.6316","自宅","2026-05-04T20:15:00+09:00","2026-05-04T20:15:00+09:00"
"182df6dc-8242-5e65-a344-07c29a7520de","寝る前に読書","みどりの日。子どもたちが寝た後、技術書を20分だけ読んだ。明日に響かないところで切り上げた。","[""読書""]","35.704","139.6316","自宅","2026-05-04T21:30:00+09:00","2026-05-04T21:30:00+09:00"
"579e38c4-4427-5f59-accc-e6af77ec4d8d","こどもの日の朝","こどもの日。子どもたちと兜を飾り、夕食の希望を相談。買い物は混む前に済ませた。","[""育児"", ""休日""]","35.704","139.6316","自宅","2026-05-05T07:30:00+09:00","2026-05-05T07:30:00+09:00"
"74dc71ea-0855-5b95-ba85-31b086fdbbc2","上履きを洗った","こどもの日。学校と保育園から持ち帰った上履き3足を子どもたちと洗った。ベランダに並べて干した。","[""育児""]","35.704","139.6316","自宅","2026-05-05T08:45:00+09:00","2026-05-05T08:45:00+09:00"
"71799d3b-6f7f-52a1-a7e4-6b1c056f1573","学校行事の準備","こどもの日。来週の校外学習に必要な物を長男と確認。雨具と敷物に名前を書いた。","[""育児"", ""家事""]","35.704","139.6316","自宅","2026-05-05T10:10:00+09:00","2026-05-05T10:10:00+09:00"
"ce46fa49-0e0b-5471-a356-2818108d403b","散髪へ連れて行った","こどもの日。伸びていた長男と次男の髪を切りに行った。待つ間、末っ子と近くで買い物を済ませた。","[""育児""]","35.705","139.635","荻窪駅前","2026-05-05T11:40:00+09:00","2026-05-05T11:40:00+09:00"
"34718061-f837-5b59-a429-bbd5eeb1fa88","家族で図書館","こどもの日。返却期限の本を返し、子どもたちは次に読む本を選んだ。寝る前用の絵本も3冊借りた。","[""育児""]","35.706","139.637","杉並区立荻窪図書館","2026-05-05T13:30:00+09:00","2026-05-05T13:30:00+09:00"
"cc409944-b5ac-5220-92b6-284c11488719","習い事の送迎","こどもの日。午前は長男の空手、午後は次男のサッカーへ送迎。待ち時間に末っ子と図書館へ寄った。","[""育児""]","35.708","139.629","荻窪小学校","2026-05-05T15:20:00+09:00","2026-05-05T15:20:00+09:00"
"601795bd-fbe0-5947-b062-8d85e1bb260b","家計を確認","こどもの日。今月の食費と習い事の引き落としを確認。連休分を含めても予算内に収まっていた。","[""家事"", ""日常""]","35.704","139.6316","自宅","2026-05-05T17:15:00+09:00","2026-05-05T17:15:00+09:00"
"f1d943ca-4b1b-51f0-bde7-38c2df647f91","家族で夕食","こどもの日。子どもたちにも配膳を手伝ってもらい、家族そろって夕食。翌日の予定も確認した。","[""育児"", ""食事""]","35.704","139.6316","自宅","2026-05-05T18:40:00+09:00","2026-05-05T18:40:00+09:00"
"5b9e0436-4c75-5ce9-b0b8-45198203696f","洗濯物を片付けた","こどもの日。子ども3人分の洗濯物を畳んで各部屋へ。体操着は明日使うので先に乾かした。","[""家事"", ""日常""]","35.704","139.6316","自宅","2026-05-05T20:15:00+09:00","2026-05-05T20:15:00+09:00"
"d87e4c1d-61d8-5210-ad6c-39dfa1ed1187","家族で映画鑑賞","こどもの日。夕食後に家族でアニメ映画を一本観た。末っ子が眠くなったので途中で休憩を挟んだ。","[""育児"", ""映画""]","35.704","139.6316","自宅","2026-05-05T21:30:00+09:00","2026-05-05T21:30:00+09:00"
"5b9796ca-4a9d-575b-bd69-98de682dac0c","連休明けの準備","振替休日。明日からの学校と保育園に備え、持ち物と生活時間を整えることにした。","[""育児"", ""休日""]","35.704","139.6316","自宅","2026-05-06T07:30:00+09:00","2026-05-06T07:30:00+09:00"
"bb76b881-18f7-5479-a799-339112a2199b","一週間分の買い出し","振替休日。家族で一週間分の食材と日用品を買い出し。献立を決めてから回ったので短時間で済んだ。","[""育児""]","35.702","139.634","荻窪駅前スーパー","2026-05-06T08:45:00+09:00","2026-05-06T08:45:00+09:00"
"af4e3022-3ed8-5222-ba54-b9542dbf5446","子ども部屋を掃除","振替休日。子ども3人と机の上や床を片付けた。不要なプリントを分け、なくしていた消しゴムも見つかった。","[""育児"", ""家事""]","35.704","139.6316","自宅","2026-05-06T10:10:00+09:00","2026-05-06T10:10:00+09:00"
"020d9c99-42fd-57c8-b664-a57427be9df2","公園で体を動かした","振替休日。近所の公園で子どもたちとボール遊び。末っ子の自転車の練習にも付き合った。","[""育児""]","35.7","139.638","善福寺公園","2026-05-06T11:40:00+09:00","2026-05-06T11:40:00+09:00"
"44e8e0ba-0191-5c66-ad43-f4d2fa8fafef","上履きを洗った","振替休日。学校と保育園から持ち帰った上履き3足を子どもたちと洗った。ベランダに並べて干した。","[""育児""]","35.704","139.6316","自宅","2026-05-06T13:30:00+09:00","2026-05-06T13:30:00+09:00"
"c30590ed-43d9-599d-bbc0-9dfab2faa264","学校行事の準備","振替休日。来週の校外学習に必要な物を長男と確認。雨具と敷物に名前を書いた。","[""育児""]","35.704","139.6316","自宅","2026-05-06T15:20:00+09:00","2026-05-06T15:20:00+09:00"
"c02fa640-c107-51f6-94b4-47f93e904c24","ごみ出し","振替休日。出勤前に可燃ごみを出した。子ども部屋から集めるだけで袋がいっぱいになった。","[""家事"", ""日常""]","35.704","139.6316","自宅","2026-05-06T17:15:00+09:00","2026-05-06T17:15:00+09:00"
"3be12ba9-0fad-5bee-8ba6-82962f55ffcb","家族で夕食","振替休日。子どもたちにも配膳を手伝ってもらい、家族そろって夕食。翌日の予定も確認した。","[""育児"", ""食事""]","35.704","139.6316","自宅","2026-05-06T18:40:00+09:00","2026-05-06T18:40:00+09:00"
"29c615ee-403b-5918-971e-999c7cfab30f","夕食の買い出し","振替休日。帰宅途中に夕食と翌朝の食材を購入。牛乳と卵の減りが今週も早い。","[""家事"", ""日常""]","35.704","139.6316","自宅","2026-05-06T20:15:00+09:00","2026-05-06T20:15:00+09:00"
"2bf8e777-1036-505b-b839-5a9d01122616","ゲームを少し","振替休日。家事が終わってからゲームを30分だけ進めた。時間を決めていたので日付が変わる前に終了。","[""ゲーム"", ""趣味""]","35.704","139.6316","自宅","2026-05-06T21:30:00+09:00","2026-05-06T21:30:00+09:00"
"4c3c5269-2d88-5428-a14b-284984009f72","朝の登校準備","長男と次男の水筒、連絡帳、体操着を確認。末っ子の着替えもそろえて家を出た。","[""育児""]","35.704","139.6316","自宅","2026-05-07T06:35:00+09:00","2026-05-07T06:35:00+09:00"
"1f49368c-8ee4-5ce7-a38b-ef2ea255a3d0","保育園へ送った","末っ子を保育園へ送った。週末に作った工作を先生へうれしそうに見せていた。","[""育児""]","35.7062","139.6305","荻窪保育園","2026-05-07T07:40:00+09:00","2026-05-07T07:40:00+09:00"
"c1a9cb91-5a0a-5ecd-b08b-49d3d7522651","朝会で進捗確認","朝会で担当機能の進捗と懸念点を共有。レビュー待ちを先に解消する方針にした。","[""仕事""]","35.6895","139.6917","職場（新宿）","2026-05-07T09:15:00+09:00","2026-05-07T09:15:00+09:00"
"e72a5edf-4979-5475-9507-ef66f33f3c8b","仕様のすり合わせ","企画担当と新機能の仕様を確認。曖昧だったエラー時の挙動を決めてタスクへ反映した。","[""仕事"", ""会議""]","35.6895","139.6917","職場（新宿）","2026-05-07T11:10:00+09:00","2026-05-07T11:10:00+09:00"
"ffcefcc0-7e55-5c9c-85fb-e8d6cf2f0a26","コードレビュー","チームメンバーの変更をレビュー。境界値のテストを追加してもらうことにした。","[""仕事"", ""開発""]","35.6895","139.6917","職場（新宿）","2026-05-07T13:20:00+09:00","2026-05-07T13:20:00+09:00"
"28b27b2f-8136-500a-ad50-bdec86a8d1eb","不具合を調査","問い合わせのあった不具合を再現。ログから原因の候補を絞り、修正方針を整理した。","[""仕事"", ""開発""]","35.6895","139.6917","職場（新宿）","2026-05-07T16:30:00+09:00","2026-05-07T16:30:00+09:00"
"bb6bc436-c2e2-5dd8-b5e2-9c79479f7aae","洗濯物を片付けた","子ども3人分の洗濯物を畳んで各部屋へ。体操着は明日使うので先に乾かした。","[""家事"", ""日常""]","35.704","139.6316","自宅","2026-05-07T18:25:00+09:00","2026-05-07T18:25:00+09:00"
"f8f0e915-8ba9-5481-aaf3-460195345a39","寝かしつけ","末っ子に絵本を2冊読んで寝かしつけ。上の子たちにも消灯時間を声かけした。","[""育児""]","35.704","139.6316","自宅","2026-05-07T19:20:00+09:00","2026-05-07T19:20:00+09:00"
"3d24894c-b79e-5a7e-9fa4-fb9528b0e3cf","習い事の連絡","長男の空手と次男のサッカーの予定を確認。妻と週末の送迎担当を分けた。","[""育児""]","35.704","139.6316","自宅","2026-05-07T20:35:00+09:00","2026-05-07T20:35:00+09:00"
"91d8a98b-f98c-5eb9-9297-c73850689db8","寝る前に読書","子どもたちが寝た後、技術書を20分だけ読んだ。明日に響かないところで切り上げた。","[""読書""]","35.704","139.6316","自宅","2026-05-07T22:10:00+09:00","2026-05-07T22:10:00+09:00"
"ef2b9e91-88bf-50f4-95b9-c80858b78805","保育園へ送った","末っ子を保育園へ送った。週末に作った工作を先生へうれしそうに見せていた。","[""育児""]","35.704","139.6316","自宅","2026-05-08T06:35:00+09:00","2026-05-08T06:35:00+09:00"
"f0e9dd9e-d48e-564f-8783-5bf1f759f201","朝の登校準備","長男と次男の水筒、連絡帳、体操着を確認。末っ子の着替えもそろえて家を出た。","[""育児""]","35.7062","139.6305","荻窪保育園","2026-05-08T07:40:00+09:00","2026-05-08T07:40:00+09:00"
"ce320979-b5e7-54de-8d35-dff8f0bed1ee","設計メモを更新","実装中に判明した制約を設計メモへ追記。後から読む人が迷わないよう判断理由も残した。","[""仕事"", ""開発""]","35.6895","139.6917","職場（新宿）","2026-05-08T09:15:00+09:00","2026-05-08T09:15:00+09:00"
"9508a1e2-a7f8-509f-9680-369ea3fe18d9","リリース準備","次回リリースの変更点を確認。未完了の確認項目を担当者ごとに割り振った。","[""仕事""]","35.6895","139.6917","職場（新宿）","2026-05-08T11:10:00+09:00","2026-05-08T11:10:00+09:00"
"84930325-1236-5d93-8f35-092f82427437","テスト結果を確認","自動テストの結果を確認。時間のかかるケースを分離して実行時間を短縮した。","[""仕事"", ""開発""]","35.6895","139.6917","職場（新宿）","2026-05-08T13:20:00+09:00","2026-05-08T13:20:00+09:00"
"a1d5e6b0-0228-559b-8ebb-003e3b2e3457","1on1","メンバーとの1on1。今週詰まっている点と、来週優先する作業を一緒に整理した。","[""仕事"", ""会議""]","35.6895","139.6917","職場（新宿）","2026-05-08T16:30:00+09:00","2026-05-08T16:30:00+09:00"
"20c4b4b8-fe5c-5294-b42c-990b92e52096","夕食の買い出し","帰宅途中に夕食と翌朝の食材を購入。牛乳と卵の減りが今週も早い。","[""家事"", ""日常""]","35.702","139.634","荻窪駅前スーパー","2026-05-08T18:25:00+09:00","2026-05-08T18:25:00+09:00"
"cbc4e5ad-6b4d-57b5-a897-54bc57b328bc","保護者連絡を確認","学校と保育園から届いた連絡を確認。来週必要な教材を買い物リストに追加した。","[""育児""]","35.704","139.6316","自宅","2026-05-08T19:20:00+09:00","2026-05-08T19:20:00+09:00"
"c27af6a6-8380-56af-b5bc-d854ae021474","音読を聞いた","次男の国語の音読を聞いた。つまずいた漢字を一緒に確認して連絡帳に印を押した。","[""育児""]","35.704","139.6316","自宅","2026-05-08T20:35:00+09:00","2026-05-08T20:35:00+09:00"
"01100163-3ef8-5954-9fb7-12da108eab46","家族で映画鑑賞","夕食後に家族でアニメ映画を一本観た。末っ子が眠くなったので途中で休憩を挟んだ。","[""育児"", ""映画""]","35.704","139.6316","自宅","2026-05-08T22:10:00+09:00","2026-05-08T22:10:00+09:00"
"a23b7ff2-5e82-5c9e-b14f-9d0ef5edb4e1","休日の朝食","子どもたちと少し遅めの朝食。今日の予定と家事の分担を確認した。","[""育児"", ""休日""]","35.704","139.6316","自宅","2026-05-09T07:30:00+09:00","2026-05-09T07:30:00+09:00"
"573a2186-ccde-5212-b977-c1f7ef0a8641","習い事の送迎","午前は長男の空手、午後は次男のサッカーへ送迎。待ち時間に末っ子と図書館へ寄った。","[""育児""]","35.708","139.629","荻窪小学校","2026-05-09T08:45:00+09:00","2026-05-09T08:45:00+09:00"
"d750029a-4a0a-5821-a4fb-de17e4ab05c2","一週間分の買い出し","家族で一週間分の食材と日用品を買い出し。献立を決めてから回ったので短時間で済んだ。","[""育児"", ""家事""]","35.702","139.634","荻窪駅前スーパー","2026-05-09T10:10:00+09:00","2026-05-09T10:10:00+09:00"
"cb5c5fcf-e058-57b5-ad02-8fa0e979a96f","子ども部屋を掃除","子ども3人と机の上や床を片付けた。不要なプリントを分け、なくしていた消しゴムも見つかった。","[""育児""]","35.704","139.6316","自宅","2026-05-09T11:40:00+09:00","2026-05-09T11:40:00+09:00"
"e7818167-0e53-5d6d-916d-4e49dfd730a3","公園で体を動かした","近所の公園で子どもたちとボール遊び。末っ子の自転車の練習にも付き合った。","[""育児""]","35.7","139.638","善福寺公園","2026-05-09T13:30:00+09:00","2026-05-09T13:30:00+09:00"
"7ab87dc8-4881-59f6-9905-d9be865f420c","上履きを洗った","学校と保育園から持ち帰った上履き3足を子どもたちと洗った。ベランダに並べて干した。","[""育児""]","35.704","139.6316","自宅","2026-05-09T15:20:00+09:00","2026-05-09T15:20:00+09:00"
"3acafe71-7e49-5c97-ab7b-06dbef3041a3","作り置き","平日の夕食が少し楽になるよう、野菜のおかずと下味を付けた肉を準備した。","[""家事"", ""日常""]","35.704","139.6316","自宅","2026-05-09T17:15:00+09:00","2026-05-09T17:15:00+09:00"
"480d3267-c1bc-5a76-8f14-a07e0fa7c45c","家族で夕食","子どもたちにも配膳を手伝ってもらい、家族そろって夕食。翌日の予定も確認した。","[""育児"", ""食事""]","35.704","139.6316","自宅","2026-05-09T18:40:00+09:00","2026-05-09T18:40:00+09:00"
"5ce8706b-d1ce-52fe-af63-7a3abb0c6765","家計を確認","今月の食費と習い事の引き落としを確認。連休分を含めても予算内に収まっていた。","[""家事"", ""日常""]","35.704","139.6316","自宅","2026-05-09T20:15:00+09:00","2026-05-09T20:15:00+09:00"
"16df192b-23ce-5b7b-8ef9-59705e62b43e","ゲームを少し","家事が終わってからゲームを30分だけ進めた。時間を決めていたので日付が変わる前に終了。","[""ゲーム"", ""趣味""]","35.704","139.6316","自宅","2026-05-09T21:30:00+09:00","2026-05-09T21:30:00+09:00"
"ee054672-9187-5cba-a035-eac2354b357c","休日の朝食","子どもたちと少し遅めの朝食。今日の予定と家事の分担を確認した。","[""育児"", ""休日""]","35.704","139.6316","自宅","2026-05-10T07:30:00+09:00","2026-05-10T07:30:00+09:00"
"b568b13f-2bc5-54d0-8314-f64ffb030230","学校行事の準備","来週の校外学習に必要な物を長男と確認。雨具と敷物に名前を書いた。","[""育児""]","35.704","139.6316","自宅","2026-05-10T08:45:00+09:00","2026-05-10T08:45:00+09:00"
"981f55c7-541f-5b97-bf17-fa50b49bafd6","散髪へ連れて行った","伸びていた長男と次男の髪を切りに行った。待つ間、末っ子と近くで買い物を済ませた。","[""育児"", ""家事""]","35.705","139.635","荻窪駅前","2026-05-10T10:10:00+09:00","2026-05-10T10:10:00+09:00"
"ba9eadcb-6400-575a-8f4f-723154a9190e","家族で図書館","返却期限の本を返し、子どもたちは次に読む本を選んだ。寝る前用の絵本も3冊借りた。","[""育児""]","35.706","139.637","杉並区立荻窪図書館","2026-05-10T11:40:00+09:00","2026-05-10T11:40:00+09:00"
"79bedb52-4aa1-5cee-9f3d-9c0f789de6dc","習い事の送迎","午前は長男の空手、午後は次男のサッカーへ送迎。待ち時間に末っ子と図書館へ寄った。","[""育児""]","35.708","139.629","荻窪小学校","2026-05-10T13:30:00+09:00","2026-05-10T13:30:00+09:00"
"d6537a5e-1b52-5cff-be1c-1bc9bd5bd28b","一週間分の買い出し","家族で一週間分の食材と日用品を買い出し。献立を決めてから回ったので短時間で済んだ。","[""育児""]","35.702","139.634","荻窪駅前スーパー","2026-05-10T15:20:00+09:00","2026-05-10T15:20:00+09:00"
"bb603e52-c2ee-5fd1-bce4-e2ebe27d5aa5","台所を片付けた","夕食後の食器を洗い、水筒3本も漂白。明日の朝すぐ使えるよう並べた。","[""家事"", ""日常""]","35.704","139.6316","自宅","2026-05-10T17:15:00+09:00","2026-05-10T17:15:00+09:00"
"4b53ad23-bf93-51b3-a6c2-fb392c5d9c55","家族で夕食","子どもたちにも配膳を手伝ってもらい、家族そろって夕食。翌日の予定も確認した。","[""育児"", ""食事""]","35.704","139.6316","自宅","2026-05-10T18:40:00+09:00","2026-05-10T18:40:00+09:00"
"23137078-2ad3-5a71-8cec-c0a8fefc331d","ごみ出し","出勤前に可燃ごみを出した。子ども部屋から集めるだけで袋がいっぱいになった。","[""家事"", ""日常""]","35.704","139.6316","自宅","2026-05-10T20:15:00+09:00","2026-05-10T20:15:00+09:00"
"155e1801-e936-5823-8350-fbadb5211641","寝る前に読書","子どもたちが寝た後、技術書を20分だけ読んだ。明日に響かないところで切り上げた。","[""読書""]","35.704","139.6316","自宅","2026-05-10T21:30:00+09:00","2026-05-10T21:30:00+09:00"
"9870de01-15fb-535d-b0a4-bfd04110c35d","朝の登校準備","長男と次男の水筒、連絡帳、体操着を確認。末っ子の着替えもそろえて家を出た。","[""育児""]","35.704","139.6316","自宅","2026-05-11T06:35:00+09:00","2026-05-11T06:35:00+09:00"
"3c1bb4b2-3ed4-566d-b58c-4a782e9e008e","保育園へ送った","末っ子を保育園へ送った。週末に作った工作を先生へうれしそうに見せていた。","[""育児""]","35.7062","139.6305","荻窪保育園","2026-05-11T07:40:00+09:00","2026-05-11T07:40:00+09:00"
"19ac1c4c-1330-5e61-b920-cce3efea265a","設計メモを更新","実装中に判明した制約を設計メモへ追記。後から読む人が迷わないよう判断理由も残した。","[""仕事"", ""開発""]","35.6895","139.6917","職場（新宿）","2026-05-11T09:15:00+09:00","2026-05-11T09:15:00+09:00"
"dd0f8ef8-d2ac-5b1a-8d81-17eba2ad1ed7","リリース準備","次回リリースの変更点を確認。未完了の確認項目を担当者ごとに割り振った。","[""仕事""]","35.6895","139.6917","職場（新宿）","2026-05-11T11:10:00+09:00","2026-05-11T11:10:00+09:00"
"3cd35981-8410-5d79-a9fe-24ca0270e5ac","テスト結果を確認","自動テストの結果を確認。時間のかかるケースを分離して実行時間を短縮した。","[""仕事"", ""開発""]","35.6895","139.6917","職場（新宿）","2026-05-11T13:20:00+09:00","2026-05-11T13:20:00+09:00"
"c1d51000-de1d-5382-b1ce-ed0e8f03edcc","1on1","メンバーとの1on1。今週詰まっている点と、来週優先する作業を一緒に整理した。","[""仕事"", ""会議""]","35.6895","139.6917","職場（新宿）","2026-05-11T16:30:00+09:00","2026-05-11T16:30:00+09:00"
"3cd272ad-3100-5cc9-9d90-f48ddc99b7cf","家計を確認","今月の食費と習い事の引き落としを確認。連休分を含めても予算内に収まっていた。","[""家事"", ""日常""]","35.704","139.6316","自宅","2026-05-11T18:25:00+09:00","2026-05-11T18:25:00+09:00"
"e67b29e8-cb28-5cc6-ba4c-f7a4b01ff516","寝かしつけ","末っ子に絵本を2冊読んで寝かしつけ。上の子たちにも消灯時間を声かけした。","[""育児""]","35.704","139.6316","自宅","2026-05-11T19:20:00+09:00","2026-05-11T19:20:00+09:00"
"a761b8b6-bc2b-5e8c-9534-a17b23fc9dfc","習い事の連絡","長男の空手と次男のサッカーの予定を確認。妻と週末の送迎担当を分けた。","[""育児""]","35.704","139.6316","自宅","2026-05-11T20:35:00+09:00","2026-05-11T20:35:00+09:00"
"a720d7c2-6ffa-54fc-8e1e-f89aa17013f1","家族で映画鑑賞","夕食後に家族でアニメ映画を一本観た。末っ子が眠くなったので途中で休憩を挟んだ。","[""育児"", ""映画""]","35.704","139.6316","自宅","2026-05-11T22:10:00+09:00","2026-05-11T22:10:00+09:00"
"d9c2bf5b-bee7-573c-9296-72099b16e8ae","保育園へ送った","末っ子を保育園へ送った。週末に作った工作を先生へうれしそうに見せていた。","[""育児""]","35.704","139.6316","自宅","2026-05-12T06:35:00+09:00","2026-05-12T06:35:00+09:00"
"f8bea5de-0731-5112-be30-82d9894cf5ff","朝の登校準備","長男と次男の水筒、連絡帳、体操着を確認。末っ子の着替えもそろえて家を出た。","[""育児""]","35.7062","139.6305","荻窪保育園","2026-05-12T07:40:00+09:00","2026-05-12T07:40:00+09:00"
"37614cf5-a8f5-546d-9615-ba3f76f7e171","問い合わせ対応","利用部門からの問い合わせを調査。再現手順と暫定回避策をまとめて返信した。","[""仕事""]","35.6895","139.6917","職場（新宿）","2026-05-12T09:15:00+09:00","2026-05-12T09:15:00+09:00"
"d2a195e1-8837-513b-be7c-551b2b275c64","資料を作成","午後の説明会に向けて資料を更新。比較表を追加して要点が一目で分かるようにした。","[""仕事""]","35.6895","139.6917","職場（新宿）","2026-05-12T11:10:00+09:00","2026-05-12T11:10:00+09:00"
"1f9ad796-97e7-5192-98cd-61411f916fd8","見積もり会議","次の開発項目をチームで見積もり。外部連携の確認作業を別タスクに分けた。","[""仕事"", ""会議""]","35.6895","139.6917","職場（新宿）","2026-05-12T13:20:00+09:00","2026-05-12T13:20:00+09:00"
"b277c141-6bee-5d0e-a2d1-6b4cd05726bb","集中して実装","午前中は通知を切って実装に集中。予定していた主要部分まで動作を確認できた。","[""仕事"", ""開発""]","35.6895","139.6917","職場（新宿）","2026-05-12T16:30:00+09:00","2026-05-12T16:30:00+09:00"
"bce6b283-06de-5d78-97fa-85b4841c9950","ごみ出し","出勤前に可燃ごみを出した。子ども部屋から集めるだけで袋がいっぱいになった。","[""家事"", ""日常""]","35.704","139.6316","自宅","2026-05-12T18:25:00+09:00","2026-05-12T18:25:00+09:00"
"13f733bf-b23a-55cc-a4b8-826f719fb954","保護者連絡を確認","学校と保育園から届いた連絡を確認。来週必要な教材を買い物リストに追加した。","[""育児""]","35.704","139.6316","自宅","2026-05-12T19:20:00+09:00","2026-05-12T19:20:00+09:00"
"dbad8e07-290e-5746-b474-8cbbd3a2941b","音読を聞いた","次男の国語の音読を聞いた。つまずいた漢字を一緒に確認して連絡帳に印を押した。","[""育児""]","35.704","139.6316","自宅","2026-05-12T20:35:00+09:00","2026-05-12T20:35:00+09:00"
"53d559e1-305d-5ae7-a31b-d82672660127","ゲームを少し","家事が終わってからゲームを30分だけ進めた。時間を決めていたので日付が変わる前に終了。","[""ゲーム"", ""趣味""]","35.704","139.6316","自宅","2026-05-12T22:10:00+09:00","2026-05-12T22:10:00+09:00"
"3dafacb3-7910-5567-a121-7e7d74cc37ea","朝の登校準備","長男と次男の水筒、連絡帳、体操着を確認。末っ子の着替えもそろえて家を出た。","[""育児""]","35.704","139.6316","自宅","2026-05-13T06:35:00+09:00","2026-05-13T06:35:00+09:00"
"c7191d89-49c2-5bbe-876a-62d5fc0d1bdd","保育園へ送った","末っ子を保育園へ送った。週末に作った工作を先生へうれしそうに見せていた。","[""育児""]","35.7062","139.6305","荻窪保育園","2026-05-13T07:40:00+09:00","2026-05-13T07:40:00+09:00"
"80bfa518-bf91-59af-8f7e-499ddb6f91ee","朝会で進捗確認","朝会で担当機能の進捗と懸念点を共有。レビュー待ちを先に解消する方針にした。","[""仕事""]","35.6895","139.6917","職場（新宿）","2026-05-13T09:15:00+09:00","2026-05-13T09:15:00+09:00"
"27109700-6341-5416-8407-65f5273c1474","仕様のすり合わせ","企画担当と新機能の仕様を確認。曖昧だったエラー時の挙動を決めてタスクへ反映した。","[""仕事"", ""会議""]","35.6895","139.6917","職場（新宿）","2026-05-13T11:10:00+09:00","2026-05-13T11:10:00+09:00"
"d4fb184c-5a74-50ca-bee6-14c922cbe45c","コードレビュー","チームメンバーの変更をレビュー。境界値のテストを追加してもらうことにした。","[""仕事"", ""開発""]","35.6895","139.6917","職場（新宿）","2026-05-13T13:20:00+09:00","2026-05-13T13:20:00+09:00"
"7e226deb-7e4c-5b5c-93b6-e2a470347ba1","不具合を調査","問い合わせのあった不具合を再現。ログから原因の候補を絞り、修正方針を整理した。","[""仕事"", ""開発""]","35.6895","139.6917","職場（新宿）","2026-05-13T16:30:00+09:00","2026-05-13T16:30:00+09:00"
"f531f644-a7ef-5021-88ce-65fbafea2787","洗濯物を片付けた","子ども3人分の洗濯物を畳んで各部屋へ。体操着は明日使うので先に乾かした。","[""家事"", ""日常""]","35.704","139.6316","自宅","2026-05-13T18:25:00+09:00","2026-05-13T18:25:00+09:00"
"e857c255-9475-5295-b587-76b2c2424657","宿題を確認","夕食前に長男の算数と次男の漢字の宿題を確認。間違えたところを一緒にやり直した。","[""育児""]","35.704","139.6316","自宅","2026-05-13T19:20:00+09:00","2026-05-13T19:20:00+09:00"
"81597fdb-4f9e-506b-83c9-915c28ef34dd","学校のプリント整理","ランドセルから出てきた学校のプリントを確認。提出物と行事予定を家族のカレンダーへ登録した。","[""育児""]","35.704","139.6316","自宅","2026-05-13T20:35:00+09:00","2026-05-13T20:35:00+09:00"
"2e4caa10-0014-5bbb-b250-298465184863","寝る前に読書","子どもたちが寝た後、技術書を20分だけ読んだ。明日に響かないところで切り上げた。","[""読書""]","35.704","139.6316","自宅","2026-05-13T22:10:00+09:00","2026-05-13T22:10:00+09:00"
"9102bf8f-6af3-52e7-ab7b-20bda3db1d49","保育園へ送った","末っ子を保育園へ送った。週末に作った工作を先生へうれしそうに見せていた。","[""育児""]","35.704","139.6316","自宅","2026-05-14T06:35:00+09:00","2026-05-14T06:35:00+09:00"
"140d0713-d8a6-547f-a341-6b4d044d1625","朝の登校準備","長男と次男の水筒、連絡帳、体操着を確認。末っ子の着替えもそろえて家を出た。","[""育児""]","35.7062","139.6305","荻窪保育園","2026-05-14T07:40:00+09:00","2026-05-14T07:40:00+09:00"
"d630fd23-d9ed-5735-ba92-1373cc9610c5","設計メモを更新","実装中に判明した制約を設計メモへ追記。後から読む人が迷わないよう判断理由も残した。","[""仕事"", ""開発""]","35.6895","139.6917","職場（新宿）","2026-05-14T09:15:00+09:00","2026-05-14T09:15:00+09:00"
"705f2084-4f76-5963-9074-1889015d1551","リリース準備","次回リリースの変更点を確認。未完了の確認項目を担当者ごとに割り振った。","[""仕事""]","35.6895","139.6917","職場（新宿）","2026-05-14T11:10:00+09:00","2026-05-14T11:10:00+09:00"
"6aeb26fa-7606-5270-a59b-763cf0b45327","テスト結果を確認","自動テストの結果を確認。時間のかかるケースを分離して実行時間を短縮した。","[""仕事"", ""開発""]","35.6895","139.6917","職場（新宿）","2026-05-14T13:20:00+09:00","2026-05-14T13:20:00+09:00"
"ecc836a0-b5da-5967-9104-8e81f2bc1c75","1on1","メンバーとの1on1。今週詰まっている点と、来週優先する作業を一緒に整理した。","[""仕事"", ""会議""]","35.6895","139.6917","職場（新宿）","2026-05-14T16:30:00+09:00","2026-05-14T16:30:00+09:00"
"9c52128e-5094-5cbe-8972-18f7a09f03f3","夕食の買い出し","帰宅途中に夕食と翌朝の食材を購入。牛乳と卵の減りが今週も早い。","[""家事"", ""日常""]","35.702","139.634","荻窪駅前スーパー","2026-05-14T18:25:00+09:00","2026-05-14T18:25:00+09:00"
"f9ecc390-f649-557d-80c6-312fb3d9c61c","明日の持ち物準備","子ども3人と明日の持ち物を確認。給食袋と保育園の着替えを補充した。","[""育児""]","35.704","139.6316","自宅","2026-05-14T19:20:00+09:00","2026-05-14T19:20:00+09:00"
"5b15abf7-6341-52c2-8d5e-9da8cf7b7e82","子どもたちと夕食","家族そろって夕食。学校と保育園であった出来事を順番に聞いた。","[""育児""]","35.704","139.6316","自宅","2026-05-14T20:35:00+09:00","2026-05-14T20:35:00+09:00"
"fd1ebd02-a572-51a1-876f-5afc6a6c1c03","家族で映画鑑賞","夕食後に家族でアニメ映画を一本観た。末っ子が眠くなったので途中で休憩を挟んだ。","[""育児"", ""映画""]","35.704","139.6316","自宅","2026-05-14T22:10:00+09:00","2026-05-14T22:10:00+09:00"
"479a3cdc-190a-566f-86c4-fad249ce51a1","朝の登校準備","長男と次男の水筒、連絡帳、体操着を確認。末っ子の着替えもそろえて家を出た。","[""育児""]","35.704","139.6316","自宅","2026-05-15T06:35:00+09:00","2026-05-15T06:35:00+09:00"
"c47d6f73-b13b-5558-90cf-a5be3ca7bd9b","保育園へ送った","末っ子を保育園へ送った。週末に作った工作を先生へうれしそうに見せていた。","[""育児""]","35.7062","139.6305","荻窪保育園","2026-05-15T07:40:00+09:00","2026-05-15T07:40:00+09:00"
"8085da11-0339-59e8-8d60-b429f96772cc","問い合わせ対応","利用部門からの問い合わせを調査。再現手順と暫定回避策をまとめて返信した。","[""仕事""]","35.6895","139.6917","職場（新宿）","2026-05-15T09:15:00+09:00","2026-05-15T09:15:00+09:00"
"5ac4315d-bce8-58a3-8cdd-0eb880bfc7ea","資料を作成","午後の説明会に向けて資料を更新。比較表を追加して要点が一目で分かるようにした。","[""仕事""]","35.6895","139.6917","職場（新宿）","2026-05-15T11:10:00+09:00","2026-05-15T11:10:00+09:00"
"a9c6634d-e67e-5fe1-b80c-8b1be31c2e06","見積もり会議","次の開発項目をチームで見積もり。外部連携の確認作業を別タスクに分けた。","[""仕事"", ""会議""]","35.6895","139.6917","職場（新宿）","2026-05-15T13:20:00+09:00","2026-05-15T13:20:00+09:00"
"650ef1c9-43b3-539b-adbb-608ee4c0121d","集中して実装","午前中は通知を切って実装に集中。予定していた主要部分まで動作を確認できた。","[""仕事"", ""開発""]","35.6895","139.6917","職場（新宿）","2026-05-15T16:30:00+09:00","2026-05-15T16:30:00+09:00"
"b9fe667a-79d5-50f1-bbc0-443bcb688c14","作り置き","平日の夕食が少し楽になるよう、野菜のおかずと下味を付けた肉を準備した。","[""家事"", ""日常""]","35.704","139.6316","自宅","2026-05-15T18:25:00+09:00","2026-05-15T18:25:00+09:00"
"4bc72db6-8ba5-5c87-9edc-6a0096edd633","寝かしつけ","末っ子に絵本を2冊読んで寝かしつけ。上の子たちにも消灯時間を声かけした。","[""育児""]","35.704","139.6316","自宅","2026-05-15T19:20:00+09:00","2026-05-15T19:20:00+09:00"
"ba5e5080-ba98-558f-ba62-1903b8b9c962","習い事の連絡","長男の空手と次男のサッカーの予定を確認。妻と週末の送迎担当を分けた。","[""育児""]","35.704","139.6316","自宅","2026-05-15T20:35:00+09:00","2026-05-15T20:35:00+09:00"
"25433263-8ee6-50ce-8bb3-063bb74b4dfe","ゲームを少し","家事が終わってからゲームを30分だけ進めた。時間を決めていたので日付が変わる前に終了。","[""ゲーム"", ""趣味""]","35.704","139.6316","自宅","2026-05-15T22:10:00+09:00","2026-05-15T22:10:00+09:00"
"e9aa1b4d-2580-5019-8a66-33016817b80c","休日の朝食","子どもたちと少し遅めの朝食。今日の予定と家事の分担を確認した。","[""育児"", ""休日""]","35.704","139.6316","自宅","2026-05-16T07:30:00+09:00","2026-05-16T07:30:00+09:00"
"34bfe9c7-c92a-57a5-bcff-19c179cb48f9","公園で体を動かした","近所の公園で子どもたちとボール遊び。末っ子の自転車の練習にも付き合った。","[""育児""]","35.7","139.638","善福寺公園","2026-05-16T08:45:00+09:00","2026-05-16T08:45:00+09:00"
"7d8badaf-487c-5c36-8b8e-e94f7b69ace6","上履きを洗った","学校と保育園から持ち帰った上履き3足を子どもたちと洗った。ベランダに並べて干した。","[""育児"", ""家事""]","35.704","139.6316","自宅","2026-05-16T10:10:00+09:00","2026-05-16T10:10:00+09:00"
"fa1ce6b5-c2c3-5a48-a744-d40e20935fba","学校行事の準備","来週の校外学習に必要な物を長男と確認。雨具と敷物に名前を書いた。","[""育児""]","35.704","139.6316","自宅","2026-05-16T11:40:00+09:00","2026-05-16T11:40:00+09:00"
"8a1eb6d2-336c-5629-bda1-a3fdc6d0a33a","散髪へ連れて行った","伸びていた長男と次男の髪を切りに行った。待つ間、末っ子と近くで買い物を済ませた。","[""育児""]","35.705","139.635","荻窪駅前","2026-05-16T13:30:00+09:00","2026-05-16T13:30:00+09:00"
"3cedafb7-4f14-5125-8d2b-ce563b0621a7","家族で図書館","返却期限の本を返し、子どもたちは次に読む本を選んだ。寝る前用の絵本も3冊借りた。","[""育児""]","35.706","139.637","杉並区立荻窪図書館","2026-05-16T15:20:00+09:00","2026-05-16T15:20:00+09:00"
"41547209-809c-50e7-9374-26ffaaf24c52","台所を片付けた","夕食後の食器を洗い、水筒3本も漂白。明日の朝すぐ使えるよう並べた。","[""家事"", ""日常""]","35.704","139.6316","自宅","2026-05-16T17:15:00+09:00","2026-05-16T17:15:00+09:00"
"ec5c1863-6db1-53f9-b8f5-4de22c0bf8ab","家族で夕食","子どもたちにも配膳を手伝ってもらい、家族そろって夕食。翌日の予定も確認した。","[""育児"", ""食事""]","35.704","139.6316","自宅","2026-05-16T18:40:00+09:00","2026-05-16T18:40:00+09:00"
"4b7b0a3c-4d8c-5fe7-a11c-88baa1c29109","ごみ出し","出勤前に可燃ごみを出した。子ども部屋から集めるだけで袋がいっぱいになった。","[""家事"", ""日常""]","35.704","139.6316","自宅","2026-05-16T20:15:00+09:00","2026-05-16T20:15:00+09:00"
"0f63f44b-93fc-56ca-8b09-7d759fd6a562","寝る前に読書","子どもたちが寝た後、技術書を20分だけ読んだ。明日に響かないところで切り上げた。","[""読書""]","35.704","139.6316","自宅","2026-05-16T21:30:00+09:00","2026-05-16T21:30:00+09:00"
"d1651428-d279-55bb-bc1d-f051c87ed8b4","休日の朝食","子どもたちと少し遅めの朝食。今日の予定と家事の分担を確認した。","[""育児"", ""休日""]","35.704","139.6316","自宅","2026-05-17T07:30:00+09:00","2026-05-17T07:30:00+09:00"
"abb8d531-2ffe-59e9-bb91-19ea8fb71ca7","習い事の送迎","午前は長男の空手、午後は次男のサッカーへ送迎。待ち時間に末っ子と図書館へ寄った。","[""育児""]","35.708","139.629","荻窪小学校","2026-05-17T08:45:00+09:00","2026-05-17T08:45:00+09:00"
"02756830-d3ae-5d09-94ed-1c7c55ed4b4e","一週間分の買い出し","家族で一週間分の食材と日用品を買い出し。献立を決めてから回ったので短時間で済んだ。","[""育児"", ""家事""]","35.702","139.634","荻窪駅前スーパー","2026-05-17T10:10:00+09:00","2026-05-17T10:10:00+09:00"
"edd1f383-e220-5d53-ad21-41abf92be72f","子ども部屋を掃除","子ども3人と机の上や床を片付けた。不要なプリントを分け、なくしていた消しゴムも見つかった。","[""育児""]","35.704","139.6316","自宅","2026-05-17T11:40:00+09:00","2026-05-17T11:40:00+09:00"
"1dd3e37b-a61c-5a87-9fe9-6292e6ded80d","公園で体を動かした","近所の公園で子どもたちとボール遊び。末っ子の自転車の練習にも付き合った。","[""育児""]","35.7","139.638","善福寺公園","2026-05-17T13:30:00+09:00","2026-05-17T13:30:00+09:00"
"39c7bfde-9d57-54a6-ab8d-fcbcf9bba694","上履きを洗った","学校と保育園から持ち帰った上履き3足を子どもたちと洗った。ベランダに並べて干した。","[""育児""]","35.704","139.6316","自宅","2026-05-17T15:20:00+09:00","2026-05-17T15:20:00+09:00"
"3e3f7260-10a3-5ce0-a03f-3a5d7e30d189","家計を確認","今月の食費と習い事の引き落としを確認。連休分を含めても予算内に収まっていた。","[""家事"", ""日常""]","35.704","139.6316","自宅","2026-05-17T17:15:00+09:00","2026-05-17T17:15:00+09:00"
"d2d2d778-20e3-57ce-9d88-c0f55f603cea","家族で夕食","子どもたちにも配膳を手伝ってもらい、家族そろって夕食。翌日の予定も確認した。","[""育児"", ""食事""]","35.704","139.6316","自宅","2026-05-17T18:40:00+09:00","2026-05-17T18:40:00+09:00"
"dec8bb51-539a-571c-b897-d6aa1d0782e3","洗濯物を片付けた","子ども3人分の洗濯物を畳んで各部屋へ。体操着は明日使うので先に乾かした。","[""家事"", ""日常""]","35.704","139.6316","自宅","2026-05-17T20:15:00+09:00","2026-05-17T20:15:00+09:00"
"bcafba07-ef3a-5637-93c1-b21c36628a4d","家族で映画鑑賞","夕食後に家族でアニメ映画を一本観た。末っ子が眠くなったので途中で休憩を挟んだ。","[""育児"", ""映画""]","35.704","139.6316","自宅","2026-05-17T21:30:00+09:00","2026-05-17T21:30:00+09:00"
"fabf034f-4fe5-54ef-9e59-b27132a6ed59","保育園へ送った","末っ子を保育園へ送った。週末に作った工作を先生へうれしそうに見せていた。","[""育児""]","35.704","139.6316","自宅","2026-05-18T06:35:00+09:00","2026-05-18T06:35:00+09:00"
"35d5a77b-ed6b-5ca9-9699-e47f32bbef13","朝の登校準備","長男と次男の水筒、連絡帳、体操着を確認。末っ子の着替えもそろえて家を出た。","[""育児""]","35.7062","139.6305","荻窪保育園","2026-05-18T07:40:00+09:00","2026-05-18T07:40:00+09:00"
"3222e617-e5ff-5174-aeec-50339aa2dab5","問い合わせ対応","利用部門からの問い合わせを調査。再現手順と暫定回避策をまとめて返信した。","[""仕事""]","35.6895","139.6917","職場（新宿）","2026-05-18T09:15:00+09:00","2026-05-18T09:15:00+09:00"
"ed346761-6a99-53ee-8366-fc2fc3644ff2","資料を作成","午後の説明会に向けて資料を更新。比較表を追加して要点が一目で分かるようにした。","[""仕事""]","35.6895","139.6917","職場（新宿）","2026-05-18T11:10:00+09:00","2026-05-18T11:10:00+09:00"
"aa1574da-7bae-5071-9334-45db4fbf5486","見積もり会議","次の開発項目をチームで見積もり。外部連携の確認作業を別タスクに分けた。","[""仕事"", ""会議""]","35.6895","139.6917","職場（新宿）","2026-05-18T13:20:00+09:00","2026-05-18T13:20:00+09:00"
"77a1ddfa-9786-5d65-ae6e-7b6c6ad8b753","集中して実装","午前中は通知を切って実装に集中。予定していた主要部分まで動作を確認できた。","[""仕事"", ""開発""]","35.6895","139.6917","職場（新宿）","2026-05-18T16:30:00+09:00","2026-05-18T16:30:00+09:00"
"dac4eb12-9c15-5a81-a0ed-da45b70eb1e1","ごみ出し","出勤前に可燃ごみを出した。子ども部屋から集めるだけで袋がいっぱいになった。","[""家事"", ""日常""]","35.704","139.6316","自宅","2026-05-18T18:25:00+09:00","2026-05-18T18:25:00+09:00"
"34df8739-bd54-528b-b8a9-77b64aa9dfee","明日の持ち物準備","子ども3人と明日の持ち物を確認。給食袋と保育園の着替えを補充した。","[""育児""]","35.704","139.6316","自宅","2026-05-18T19:20:00+09:00","2026-05-18T19:20:00+09:00"
"19ae4847-c13e-5071-82ae-fed3ef3177f8","子どもたちと夕食","家族そろって夕食。学校と保育園であった出来事を順番に聞いた。","[""育児""]","35.704","139.6316","自宅","2026-05-18T20:35:00+09:00","2026-05-18T20:35:00+09:00"
"15828328-3b09-583a-ab71-acb82bb87083","ゲームを少し","家事が終わってからゲームを30分だけ進めた。時間を決めていたので日付が変わる前に終了。","[""ゲーム"", ""趣味""]","35.704","139.6316","自宅","2026-05-18T22:10:00+09:00","2026-05-18T22:10:00+09:00"
"59296b2f-b51a-5554-9424-82a0f3250348","朝の登校準備","長男と次男の水筒、連絡帳、体操着を確認。末っ子の着替えもそろえて家を出た。","[""育児""]","35.704","139.6316","自宅","2026-05-19T06:35:00+09:00","2026-05-19T06:35:00+09:00"
"11de8da4-5ad7-5576-bc7a-85c151b0b424","保育園へ送った","末っ子を保育園へ送った。週末に作った工作を先生へうれしそうに見せていた。","[""育児""]","35.7062","139.6305","荻窪保育園","2026-05-19T07:40:00+09:00","2026-05-19T07:40:00+09:00"
"e05b55a8-d2f7-51c4-a671-b5dd86deff8a","朝会で進捗確認","朝会で担当機能の進捗と懸念点を共有。レビュー待ちを先に解消する方針にした。","[""仕事""]","35.6895","139.6917","職場（新宿）","2026-05-19T09:15:00+09:00","2026-05-19T09:15:00+09:00"
"da885aeb-4de7-5c70-857b-1ab5b6192fc8","仕様のすり合わせ","企画担当と新機能の仕様を確認。曖昧だったエラー時の挙動を決めてタスクへ反映した。","[""仕事"", ""会議""]","35.6895","139.6917","職場（新宿）","2026-05-19T11:10:00+09:00","2026-05-19T11:10:00+09:00"
"2ad603de-01c4-5cbb-ad16-cda6071fb9ca","コードレビュー","チームメンバーの変更をレビュー。境界値のテストを追加してもらうことにした。","[""仕事"", ""開発""]","35.6895","139.6917","職場（新宿）","2026-05-19T13:20:00+09:00","2026-05-19T13:20:00+09:00"
"1e0c0508-3db7-58f4-8e87-f411ee822aef","不具合を調査","問い合わせのあった不具合を再現。ログから原因の候補を絞り、修正方針を整理した。","[""仕事"", ""開発""]","35.6895","139.6917","職場（新宿）","2026-05-19T16:30:00+09:00","2026-05-19T16:30:00+09:00"
"ef968384-a13b-574b-a2a3-7700d2548d87","洗濯物を片付けた","子ども3人分の洗濯物を畳んで各部屋へ。体操着は明日使うので先に乾かした。","[""家事"", ""日常""]","35.704","139.6316","自宅","2026-05-19T18:25:00+09:00","2026-05-19T18:25:00+09:00"
"9f7113f5-df12-511a-8844-c6ddb81b02bb","寝かしつけ","末っ子に絵本を2冊読んで寝かしつけ。上の子たちにも消灯時間を声かけした。","[""育児""]","35.704","139.6316","自宅","2026-05-19T19:20:00+09:00","2026-05-19T19:20:00+09:00"
"f88c15a8-11b6-5f00-8c10-246653035fa9","習い事の連絡","長男の空手と次男のサッカーの予定を確認。妻と週末の送迎担当を分けた。","[""育児""]","35.704","139.6316","自宅","2026-05-19T20:35:00+09:00","2026-05-19T20:35:00+09:00"
"12e5ceaf-74d1-51c6-864b-cae27bc3dad0","寝る前に読書","子どもたちが寝た後、技術書を20分だけ読んだ。明日に響かないところで切り上げた。","[""読書""]","35.704","139.6316","自宅","2026-05-19T22:10:00+09:00","2026-05-19T22:10:00+09:00"
"5b9f5a6a-5d97-5385-82f9-170992fafbac","保育園へ送った","末っ子を保育園へ送った。週末に作った工作を先生へうれしそうに見せていた。","[""育児""]","35.704","139.6316","自宅","2026-05-20T06:35:00+09:00","2026-05-20T06:35:00+09:00"
"906985b8-4290-5f11-993d-662c33cc66ae","朝の登校準備","長男と次男の水筒、連絡帳、体操着を確認。末っ子の着替えもそろえて家を出た。","[""育児""]","35.7062","139.6305","荻窪保育園","2026-05-20T07:40:00+09:00","2026-05-20T07:40:00+09:00"
"5b6e6a2f-23c8-5a71-8fa2-b05db114b3d8","設計メモを更新","実装中に判明した制約を設計メモへ追記。後から読む人が迷わないよう判断理由も残した。","[""仕事"", ""開発""]","35.6895","139.6917","職場（新宿）","2026-05-20T09:15:00+09:00","2026-05-20T09:15:00+09:00"
"fc5dd0c4-4abf-5ca9-952b-ba1ef277912c","リリース準備","次回リリースの変更点を確認。未完了の確認項目を担当者ごとに割り振った。","[""仕事""]","35.6895","139.6917","職場（新宿）","2026-05-20T11:10:00+09:00","2026-05-20T11:10:00+09:00"
"abebd15f-7644-56f1-8ff9-d7bc0aa501b3","テスト結果を確認","自動テストの結果を確認。時間のかかるケースを分離して実行時間を短縮した。","[""仕事"", ""開発""]","35.6895","139.6917","職場（新宿）","2026-05-20T13:20:00+09:00","2026-05-20T13:20:00+09:00"
"3c65faa1-5197-58e5-bd35-cdf19a358283","1on1","メンバーとの1on1。今週詰まっている点と、来週優先する作業を一緒に整理した。","[""仕事"", ""会議""]","35.6895","139.6917","職場（新宿）","2026-05-20T16:30:00+09:00","2026-05-20T16:30:00+09:00"
"048afb00-3470-5802-b74e-c0046d9060bb","夕食の買い出し","帰宅途中に夕食と翌朝の食材を購入。牛乳と卵の減りが今週も早い。","[""家事"", ""日常""]","35.702","139.634","荻窪駅前スーパー","2026-05-20T18:25:00+09:00","2026-05-20T18:25:00+09:00"
"ef623eab-6b8a-5257-b473-50d2a2545d2a","保護者連絡を確認","学校と保育園から届いた連絡を確認。来週必要な教材を買い物リストに追加した。","[""育児""]","35.704","139.6316","自宅","2026-05-20T19:20:00+09:00","2026-05-20T19:20:00+09:00"
"f98800a3-7a39-5238-9269-12cb9e767d45","音読を聞いた","次男の国語の音読を聞いた。つまずいた漢字を一緒に確認して連絡帳に印を押した。","[""育児""]","35.704","139.6316","自宅","2026-05-20T20:35:00+09:00","2026-05-20T20:35:00+09:00"
"9f8eeb69-169b-52da-b139-b5a5253684c4","家族で映画鑑賞","夕食後に家族でアニメ映画を一本観た。末っ子が眠くなったので途中で休憩を挟んだ。","[""育児"", ""映画""]","35.704","139.6316","自宅","2026-05-20T22:10:00+09:00","2026-05-20T22:10:00+09:00"
"c288c24b-0f1b-5d6f-81e1-a08f1951e0f9","朝の登校準備","長男と次男の水筒、連絡帳、体操着を確認。末っ子の着替えもそろえて家を出た。","[""育児""]","35.704","139.6316","自宅","2026-05-21T06:35:00+09:00","2026-05-21T06:35:00+09:00"
"8f0efb9e-ec8c-5321-a60f-b305d1ea4ee2","保育園へ送った","末っ子を保育園へ送った。週末に作った工作を先生へうれしそうに見せていた。","[""育児""]","35.7062","139.6305","荻窪保育園","2026-05-21T07:40:00+09:00","2026-05-21T07:40:00+09:00"
"dce1facc-1254-5e67-ba75-a67bcf48ca96","問い合わせ対応","利用部門からの問い合わせを調査。再現手順と暫定回避策をまとめて返信した。","[""仕事""]","35.6895","139.6917","職場（新宿）","2026-05-21T09:15:00+09:00","2026-05-21T09:15:00+09:00"
"3c11e87e-3968-5bfd-a9aa-e3d2e950c2fe","資料を作成","午後の説明会に向けて資料を更新。比較表を追加して要点が一目で分かるようにした。","[""仕事""]","35.6895","139.6917","職場（新宿）","2026-05-21T11:10:00+09:00","2026-05-21T11:10:00+09:00"
"a17afeb8-c683-5c2d-8a94-f910d10cf2aa","見積もり会議","次の開発項目をチームで見積もり。外部連携の確認作業を別タスクに分けた。","[""仕事"", ""会議""]","35.6895","139.6917","職場（新宿）","2026-05-21T13:20:00+09:00","2026-05-21T13:20:00+09:00"
"edc486be-3d46-5046-a7bf-0f4426975d53","集中して実装","午前中は通知を切って実装に集中。予定していた主要部分まで動作を確認できた。","[""仕事"", ""開発""]","35.6895","139.6917","職場（新宿）","2026-05-21T16:30:00+09:00","2026-05-21T16:30:00+09:00"
"6de9e4f3-839d-5665-8222-36c7975247e3","作り置き","平日の夕食が少し楽になるよう、野菜のおかずと下味を付けた肉を準備した。","[""家事"", ""日常""]","35.704","139.6316","自宅","2026-05-21T18:25:00+09:00","2026-05-21T18:25:00+09:00"
"42fb7e09-ded7-5035-a673-f8ff436dbc29","宿題を確認","夕食前に長男の算数と次男の漢字の宿題を確認。間違えたところを一緒にやり直した。","[""育児""]","35.704","139.6316","自宅","2026-05-21T19:20:00+09:00","2026-05-21T19:20:00+09:00"
"e1c87ed7-111a-5e63-90a7-2b1d161c3d04","学校のプリント整理","ランドセルから出てきた学校のプリントを確認。提出物と行事予定を家族のカレンダーへ登録した。","[""育児""]","35.704","139.6316","自宅","2026-05-21T20:35:00+09:00","2026-05-21T20:35:00+09:00"
"edb485c3-717e-5785-b37c-9476daab156b","ゲームを少し","家事が終わってからゲームを30分だけ進めた。時間を決めていたので日付が変わる前に終了。","[""ゲーム"", ""趣味""]","35.704","139.6316","自宅","2026-05-21T22:10:00+09:00","2026-05-21T22:10:00+09:00"
"11decf7a-7b85-5d3f-8c04-6495ef694d7c","保育園へ送った","末っ子を保育園へ送った。週末に作った工作を先生へうれしそうに見せていた。","[""育児""]","35.704","139.6316","自宅","2026-05-22T06:35:00+09:00","2026-05-22T06:35:00+09:00"
"5a8dd560-c177-5937-bd86-dc143aa47425","朝の登校準備","長男と次男の水筒、連絡帳、体操着を確認。末っ子の着替えもそろえて家を出た。","[""育児""]","35.7062","139.6305","荻窪保育園","2026-05-22T07:40:00+09:00","2026-05-22T07:40:00+09:00"
"c055ada3-8bf3-5e94-b301-ef50182d7b3f","朝会で進捗確認","朝会で担当機能の進捗と懸念点を共有。レビュー待ちを先に解消する方針にした。","[""仕事""]","35.6895","139.6917","職場（新宿）","2026-05-22T09:15:00+09:00","2026-05-22T09:15:00+09:00"
"e89a6bad-f005-5549-90e5-f462ddc608ee","仕様のすり合わせ","企画担当と新機能の仕様を確認。曖昧だったエラー時の挙動を決めてタスクへ反映した。","[""仕事"", ""会議""]","35.6895","139.6917","職場（新宿）","2026-05-22T11:10:00+09:00","2026-05-22T11:10:00+09:00"
"d936c28b-8234-5a68-ae19-3342e106f0a9","コードレビュー","チームメンバーの変更をレビュー。境界値のテストを追加してもらうことにした。","[""仕事"", ""開発""]","35.6895","139.6917","職場（新宿）","2026-05-22T13:20:00+09:00","2026-05-22T13:20:00+09:00"
"ff42e5a4-ec6c-5a3e-be5d-6a06426b6a35","不具合を調査","問い合わせのあった不具合を再現。ログから原因の候補を絞り、修正方針を整理した。","[""仕事"", ""開発""]","35.6895","139.6917","職場（新宿）","2026-05-22T16:30:00+09:00","2026-05-22T16:30:00+09:00"
"39773f9d-06a9-5960-87fa-853ec0b8eb8b","台所を片付けた","夕食後の食器を洗い、水筒3本も漂白。明日の朝すぐ使えるよう並べた。","[""家事"", ""日常""]","35.704","139.6316","自宅","2026-05-22T18:25:00+09:00","2026-05-22T18:25:00+09:00"
"e22b25b0-65a0-5c1f-a10e-33ff7ea5565e","明日の持ち物準備","子ども3人と明日の持ち物を確認。給食袋と保育園の着替えを補充した。","[""育児""]","35.704","139.6316","自宅","2026-05-22T19:20:00+09:00","2026-05-22T19:20:00+09:00"
"7fe6f2ff-95ac-53d7-89a5-c5478442c456","子どもたちと夕食","家族そろって夕食。学校と保育園であった出来事を順番に聞いた。","[""育児""]","35.704","139.6316","自宅","2026-05-22T20:35:00+09:00","2026-05-22T20:35:00+09:00"
"5e84585d-fdc6-5802-83ae-fdebfb7e2f24","休日の朝食","子どもたちと少し遅めの朝食。今日の予定と家事の分担を確認した。","[""育児"", ""休日""]","35.704","139.6316","自宅","2026-05-23T07:30:00+09:00","2026-05-23T07:30:00+09:00"
"622fa656-f709-527a-baf2-394f26438e6c","散髪へ連れて行った","伸びていた長男と次男の髪を切りに行った。待つ間、末っ子と近くで買い物を済ませた。","[""育児""]","35.705","139.635","荻窪駅前","2026-05-23T08:45:00+09:00","2026-05-23T08:45:00+09:00"
"8edcb395-0d31-54d4-a00d-abdb3fc1fab4","家族で図書館","返却期限の本を返し、子どもたちは次に読む本を選んだ。寝る前用の絵本も3冊借りた。","[""育児"", ""家事""]","35.706","139.637","杉並区立荻窪図書館","2026-05-23T10:10:00+09:00","2026-05-23T10:10:00+09:00"
"e3dbcc88-d79a-5276-bbe6-bbbfb86fb275","習い事の送迎","午前は長男の空手、午後は次男のサッカーへ送迎。待ち時間に末っ子と図書館へ寄った。","[""育児""]","35.708","139.629","荻窪小学校","2026-05-23T11:40:00+09:00","2026-05-23T11:40:00+09:00"
"5cd43ca0-c7d9-50b9-8c24-3b748f2f728d","一週間分の買い出し","家族で一週間分の食材と日用品を買い出し。献立を決めてから回ったので短時間で済んだ。","[""育児""]","35.702","139.634","荻窪駅前スーパー","2026-05-23T13:30:00+09:00","2026-05-23T13:30:00+09:00"
"47caddcc-c60c-5198-85fb-64c82a6473d6","子ども部屋を掃除","子ども3人と机の上や床を片付けた。不要なプリントを分け、なくしていた消しゴムも見つかった。","[""育児""]","35.704","139.6316","自宅","2026-05-23T15:20:00+09:00","2026-05-23T15:20:00+09:00"
"c4a856d8-0716-5afe-923b-1f34cd69029a","家計を確認","今月の食費と習い事の引き落としを確認。連休分を含めても予算内に収まっていた。","[""家事"", ""日常""]","35.704","139.6316","自宅","2026-05-23T17:15:00+09:00","2026-05-23T17:15:00+09:00"
"f8d089ce-bf56-5669-80cf-0bbb1194a4ea","家族で夕食","子どもたちにも配膳を手伝ってもらい、家族そろって夕食。翌日の予定も確認した。","[""育児"", ""食事""]","35.704","139.6316","自宅","2026-05-23T18:40:00+09:00","2026-05-23T18:40:00+09:00"
"d09248cc-d03b-5f92-b010-63a67ad7ac11","洗濯物を片付けた","子ども3人分の洗濯物を畳んで各部屋へ。体操着は明日使うので先に乾かした。","[""家事"", ""日常""]","35.704","139.6316","自宅","2026-05-23T20:15:00+09:00","2026-05-23T20:15:00+09:00"
"60106370-4dd4-5b6f-92e9-6258403e2d35","休日の朝食","子どもたちと少し遅めの朝食。今日の予定と家事の分担を確認した。","[""育児"", ""休日""]","35.704","139.6316","自宅","2026-05-24T07:30:00+09:00","2026-05-24T07:30:00+09:00"
"b4bff4ea-e0de-5109-8ed0-69c4cbf9e956","公園で体を動かした","近所の公園で子どもたちとボール遊び。末っ子の自転車の練習にも付き合った。","[""育児""]","35.7","139.638","善福寺公園","2026-05-24T08:45:00+09:00","2026-05-24T08:45:00+09:00"
"9803a430-01b8-50a4-bf65-e5b9748416fa","上履きを洗った","学校と保育園から持ち帰った上履き3足を子どもたちと洗った。ベランダに並べて干した。","[""育児"", ""家事""]","35.704","139.6316","自宅","2026-05-24T10:10:00+09:00","2026-05-24T10:10:00+09:00"
"e82f2a15-81da-50cd-8038-289c2ec108be","学校行事の準備","来週の校外学習に必要な物を長男と確認。雨具と敷物に名前を書いた。","[""育児""]","35.704","139.6316","自宅","2026-05-24T11:40:00+09:00","2026-05-24T11:40:00+09:00"
"d49eacde-a131-5045-bd37-a2a7a9cb893e","散髪へ連れて行った","伸びていた長男と次男の髪を切りに行った。待つ間、末っ子と近くで買い物を済ませた。","[""育児""]","35.705","139.635","荻窪駅前","2026-05-24T13:30:00+09:00","2026-05-24T13:30:00+09:00"
"e033b428-9d86-5342-ab88-50af2b0943f8","家族で図書館","返却期限の本を返し、子どもたちは次に読む本を選んだ。寝る前用の絵本も3冊借りた。","[""育児""]","35.706","139.637","杉並区立荻窪図書館","2026-05-24T15:20:00+09:00","2026-05-24T15:20:00+09:00"
"5d1893ba-131f-5d6f-a460-1f953d740db5","ごみ出し","出勤前に可燃ごみを出した。子ども部屋から集めるだけで袋がいっぱいになった。","[""家事"", ""日常""]","35.704","139.6316","自宅","2026-05-24T17:15:00+09:00","2026-05-24T17:15:00+09:00"
"c6237afb-445a-5afd-9283-2de1b5b79c9c","家族で夕食","子どもたちにも配膳を手伝ってもらい、家族そろって夕食。翌日の予定も確認した。","[""育児"", ""食事""]","35.704","139.6316","自宅","2026-05-24T18:40:00+09:00","2026-05-24T18:40:00+09:00"
"0945eaa1-3bbd-57bc-b9fa-88d65da0d937","夕食の買い出し","帰宅途中に夕食と翌朝の食材を購入。牛乳と卵の減りが今週も早い。","[""家事"", ""日常""]","35.704","139.6316","自宅","2026-05-24T20:15:00+09:00","2026-05-24T20:15:00+09:00"
"02f1abc4-6dd6-54ab-b0bb-6743772d5985","朝の登校準備","長男と次男の水筒、連絡帳、体操着を確認。末っ子の着替えもそろえて家を出た。","[""育児""]","35.704","139.6316","自宅","2026-05-25T06:35:00+09:00","2026-05-25T06:35:00+09:00"
"a3616654-e22a-554e-b45e-21eaf94189c5","保育園へ送った","末っ子を保育園へ送った。週末に作った工作を先生へうれしそうに見せていた。","[""育児""]","35.7062","139.6305","荻窪保育園","2026-05-25T07:40:00+09:00","2026-05-25T07:40:00+09:00"
"202994e7-a9c6-541b-9f37-953427bbc377","朝会で進捗確認","朝会で担当機能の進捗と懸念点を共有。レビュー待ちを先に解消する方針にした。","[""仕事""]","35.6895","139.6917","職場（新宿）","2026-05-25T09:15:00+09:00","2026-05-25T09:15:00+09:00"
"0e7eec7b-170d-516e-82df-20a40aa76d77","仕様のすり合わせ","企画担当と新機能の仕様を確認。曖昧だったエラー時の挙動を決めてタスクへ反映した。","[""仕事"", ""会議""]","35.6895","139.6917","職場（新宿）","2026-05-25T11:10:00+09:00","2026-05-25T11:10:00+09:00"
"fe855bf0-4e71-596a-a890-20167863a42b","コードレビュー","チームメンバーの変更をレビュー。境界値のテストを追加してもらうことにした。","[""仕事"", ""開発""]","35.6895","139.6917","職場（新宿）","2026-05-25T13:20:00+09:00","2026-05-25T13:20:00+09:00"
"6cf872ab-fc8d-5e29-8e58-a37f4fcdc561","不具合を調査","問い合わせのあった不具合を再現。ログから原因の候補を絞り、修正方針を整理した。","[""仕事"", ""開発""]","35.6895","139.6917","職場（新宿）","2026-05-25T16:30:00+09:00","2026-05-25T16:30:00+09:00"
"70ebcf5b-2a5a-58e5-b7d1-b1aefb7f2f44","洗濯物を片付けた","子ども3人分の洗濯物を畳んで各部屋へ。体操着は明日使うので先に乾かした。","[""家事"", ""日常""]","35.704","139.6316","自宅","2026-05-25T18:25:00+09:00","2026-05-25T18:25:00+09:00"
"1a32ec85-1294-5302-abd5-57c8397e010b","宿題を確認","夕食前に長男の算数と次男の漢字の宿題を確認。間違えたところを一緒にやり直した。","[""育児""]","35.704","139.6316","自宅","2026-05-25T19:20:00+09:00","2026-05-25T19:20:00+09:00"
"db5674d8-5081-503b-8b6a-9b74bd952727","学校のプリント整理","ランドセルから出てきた学校のプリントを確認。提出物と行事予定を家族のカレンダーへ登録した。","[""育児""]","35.704","139.6316","自宅","2026-05-25T20:35:00+09:00","2026-05-25T20:35:00+09:00"
"54eb3031-97aa-516c-870e-76b56f815ca3","保育園へ送った","末っ子を保育園へ送った。週末に作った工作を先生へうれしそうに見せていた。","[""育児""]","35.704","139.6316","自宅","2026-05-26T06:35:00+09:00","2026-05-26T06:35:00+09:00"
"68954211-3f7e-57b8-9783-5d14102cd624","朝の登校準備","長男と次男の水筒、連絡帳、体操着を確認。末っ子の着替えもそろえて家を出た。","[""育児""]","35.7062","139.6305","荻窪保育園","2026-05-26T07:40:00+09:00","2026-05-26T07:40:00+09:00"
"dbccf981-7338-57cf-9f10-ba1b388888c9","設計メモを更新","実装中に判明した制約を設計メモへ追記。後から読む人が迷わないよう判断理由も残した。","[""仕事"", ""開発""]","35.6895","139.6917","職場（新宿）","2026-05-26T09:15:00+09:00","2026-05-26T09:15:00+09:00"
"677e9107-53e5-579f-90ed-450afd377f16","リリース準備","次回リリースの変更点を確認。未完了の確認項目を担当者ごとに割り振った。","[""仕事""]","35.6895","139.6917","職場（新宿）","2026-05-26T11:10:00+09:00","2026-05-26T11:10:00+09:00"
"3509eb33-0fd7-559b-81d2-74e86e5a3051","テスト結果を確認","自動テストの結果を確認。時間のかかるケースを分離して実行時間を短縮した。","[""仕事"", ""開発""]","35.6895","139.6917","職場（新宿）","2026-05-26T13:20:00+09:00","2026-05-26T13:20:00+09:00"
"ae08ac2f-451e-5a88-96e2-69e509186233","1on1","メンバーとの1on1。今週詰まっている点と、来週優先する作業を一緒に整理した。","[""仕事"", ""会議""]","35.6895","139.6917","職場（新宿）","2026-05-26T16:30:00+09:00","2026-05-26T16:30:00+09:00"
"f4e5d192-6c49-5387-a6a3-cfa269c7c12a","夕食の買い出し","帰宅途中に夕食と翌朝の食材を購入。牛乳と卵の減りが今週も早い。","[""家事"", ""日常""]","35.702","139.634","荻窪駅前スーパー","2026-05-26T18:25:00+09:00","2026-05-26T18:25:00+09:00"
"4eeb8f22-ea8b-5584-9c2a-bcbeb720e127","明日の持ち物準備","子ども3人と明日の持ち物を確認。給食袋と保育園の着替えを補充した。","[""育児""]","35.704","139.6316","自宅","2026-05-26T19:20:00+09:00","2026-05-26T19:20:00+09:00"
"0ba22696-9d5b-559d-b564-048072831bd6","子どもたちと夕食","家族そろって夕食。学校と保育園であった出来事を順番に聞いた。","[""育児""]","35.704","139.6316","自宅","2026-05-26T20:35:00+09:00","2026-05-26T20:35:00+09:00"
"3839cbe9-5c13-5bb8-84c3-73b40ad52c2e","朝の登校準備","長男と次男の水筒、連絡帳、体操着を確認。末っ子の着替えもそろえて家を出た。","[""育児""]","35.704","139.6316","自宅","2026-05-27T06:35:00+09:00","2026-05-27T06:35:00+09:00"
"d5c6090b-0b22-56cb-8d73-feeee7cae977","保育園へ送った","末っ子を保育園へ送った。週末に作った工作を先生へうれしそうに見せていた。","[""育児""]","35.7062","139.6305","荻窪保育園","2026-05-27T07:40:00+09:00","2026-05-27T07:40:00+09:00"
"e7c810b8-2fd3-5007-a028-6a94f9c8ac0b","問い合わせ対応","利用部門からの問い合わせを調査。再現手順と暫定回避策をまとめて返信した。","[""仕事""]","35.6895","139.6917","職場（新宿）","2026-05-27T09:15:00+09:00","2026-05-27T09:15:00+09:00"
"4a0960a6-57b8-59fd-a99d-394ca861042d","資料を作成","午後の説明会に向けて資料を更新。比較表を追加して要点が一目で分かるようにした。","[""仕事""]","35.6895","139.6917","職場（新宿）","2026-05-27T11:10:00+09:00","2026-05-27T11:10:00+09:00"
"6856d395-76bb-5915-a10e-c4b483aee5d5","見積もり会議","次の開発項目をチームで見積もり。外部連携の確認作業を別タスクに分けた。","[""仕事"", ""会議""]","35.6895","139.6917","職場（新宿）","2026-05-27T13:20:00+09:00","2026-05-27T13:20:00+09:00"
"d8fd14f4-c0a8-5469-9651-6c7f32b66a8f","集中して実装","午前中は通知を切って実装に集中。予定していた主要部分まで動作を確認できた。","[""仕事"", ""開発""]","35.6895","139.6917","職場（新宿）","2026-05-27T16:30:00+09:00","2026-05-27T16:30:00+09:00"
"bf385b2e-50e6-5b47-830f-22b125a990d0","作り置き","平日の夕食が少し楽になるよう、野菜のおかずと下味を付けた肉を準備した。","[""家事"", ""日常""]","35.704","139.6316","自宅","2026-05-27T18:25:00+09:00","2026-05-27T18:25:00+09:00"
"30232c2e-d3bf-5653-b5a1-804fe3f14881","寝かしつけ","末っ子に絵本を2冊読んで寝かしつけ。上の子たちにも消灯時間を声かけした。","[""育児""]","35.704","139.6316","自宅","2026-05-27T19:20:00+09:00","2026-05-27T19:20:00+09:00"
"aa003793-73f5-51e2-a92a-5a53a22704f7","習い事の連絡","長男の空手と次男のサッカーの予定を確認。妻と週末の送迎担当を分けた。","[""育児""]","35.704","139.6316","自宅","2026-05-27T20:35:00+09:00","2026-05-27T20:35:00+09:00"
"e47258b0-6c50-5d76-950a-cee4c44e8993","保育園へ送った","末っ子を保育園へ送った。週末に作った工作を先生へうれしそうに見せていた。","[""育児""]","35.704","139.6316","自宅","2026-05-28T06:35:00+09:00","2026-05-28T06:35:00+09:00"
"df403301-fafc-5acd-bd20-c132fd2318be","朝の登校準備","長男と次男の水筒、連絡帳、体操着を確認。末っ子の着替えもそろえて家を出た。","[""育児""]","35.7062","139.6305","荻窪保育園","2026-05-28T07:40:00+09:00","2026-05-28T07:40:00+09:00"
"1496f132-d6a7-5c01-844a-891fce88f01b","朝会で進捗確認","朝会で担当機能の進捗と懸念点を共有。レビュー待ちを先に解消する方針にした。","[""仕事""]","35.6895","139.6917","職場（新宿）","2026-05-28T09:15:00+09:00","2026-05-28T09:15:00+09:00"
"f2b74796-a50c-5754-8286-4f6762984b3c","仕様のすり合わせ","企画担当と新機能の仕様を確認。曖昧だったエラー時の挙動を決めてタスクへ反映した。","[""仕事"", ""会議""]","35.6895","139.6917","職場（新宿）","2026-05-28T11:10:00+09:00","2026-05-28T11:10:00+09:00"
"c3e5210d-801c-54d8-b089-5b9556e45710","コードレビュー","チームメンバーの変更をレビュー。境界値のテストを追加してもらうことにした。","[""仕事"", ""開発""]","35.6895","139.6917","職場（新宿）","2026-05-28T13:20:00+09:00","2026-05-28T13:20:00+09:00"
"4c9ab461-c3ed-59da-87f1-e2535b246bd3","不具合を調査","問い合わせのあった不具合を再現。ログから原因の候補を絞り、修正方針を整理した。","[""仕事"", ""開発""]","35.6895","139.6917","職場（新宿）","2026-05-28T16:30:00+09:00","2026-05-28T16:30:00+09:00"
"096ae2be-170b-507f-9009-5cc5c0541dc1","台所を片付けた","夕食後の食器を洗い、水筒3本も漂白。明日の朝すぐ使えるよう並べた。","[""家事"", ""日常""]","35.704","139.6316","自宅","2026-05-28T18:25:00+09:00","2026-05-28T18:25:00+09:00"
"211c3d1d-8c94-5444-840e-0dff3c2da71f","保護者連絡を確認","学校と保育園から届いた連絡を確認。来週必要な教材を買い物リストに追加した。","[""育児""]","35.704","139.6316","自宅","2026-05-28T19:20:00+09:00","2026-05-28T19:20:00+09:00"
"d8c0789d-e133-5240-a012-c1a4bdd04efd","音読を聞いた","次男の国語の音読を聞いた。つまずいた漢字を一緒に確認して連絡帳に印を押した。","[""育児""]","35.704","139.6316","自宅","2026-05-28T20:35:00+09:00","2026-05-28T20:35:00+09:00"
"8c60d197-35a6-5c87-bd27-30e9a1e70293","朝の登校準備","長男と次男の水筒、連絡帳、体操着を確認。末っ子の着替えもそろえて家を出た。","[""育児""]","35.704","139.6316","自宅","2026-05-29T06:35:00+09:00","2026-05-29T06:35:00+09:00"
"d8a144c7-6bf2-5278-a1ad-628d82610ad1","保育園へ送った","末っ子を保育園へ送った。週末に作った工作を先生へうれしそうに見せていた。","[""育児""]","35.7062","139.6305","荻窪保育園","2026-05-29T07:40:00+09:00","2026-05-29T07:40:00+09:00"
"0380c7a9-f99c-5607-bec5-66e1924f0c60","設計メモを更新","実装中に判明した制約を設計メモへ追記。後から読む人が迷わないよう判断理由も残した。","[""仕事"", ""開発""]","35.6895","139.6917","職場（新宿）","2026-05-29T09:15:00+09:00","2026-05-29T09:15:00+09:00"
"8fdc6c2f-2c9f-5a54-bca9-f3a28ef16254","リリース準備","次回リリースの変更点を確認。未完了の確認項目を担当者ごとに割り振った。","[""仕事""]","35.6895","139.6917","職場（新宿）","2026-05-29T11:10:00+09:00","2026-05-29T11:10:00+09:00"
"589a62f2-d13e-5f02-90fe-510a6c154eac","テスト結果を確認","自動テストの結果を確認。時間のかかるケースを分離して実行時間を短縮した。","[""仕事"", ""開発""]","35.6895","139.6917","職場（新宿）","2026-05-29T13:20:00+09:00","2026-05-29T13:20:00+09:00"
"dbf0a3a9-180a-5409-a63c-75cf64d4645a","1on1","メンバーとの1on1。今週詰まっている点と、来週優先する作業を一緒に整理した。","[""仕事"", ""会議""]","35.6895","139.6917","職場（新宿）","2026-05-29T16:30:00+09:00","2026-05-29T16:30:00+09:00"
"df168592-3ccf-5044-b751-1999e7706214","家計を確認","今月の食費と習い事の引き落としを確認。連休分を含めても予算内に収まっていた。","[""家事"", ""日常""]","35.704","139.6316","自宅","2026-05-29T18:25:00+09:00","2026-05-29T18:25:00+09:00"
"33328c30-4fa0-5b2b-b452-af943b93d42b","宿題を確認","夕食前に長男の算数と次男の漢字の宿題を確認。間違えたところを一緒にやり直した。","[""育児""]","35.704","139.6316","自宅","2026-05-29T19:20:00+09:00","2026-05-29T19:20:00+09:00"
"df793e59-844d-5be9-a0ec-adec0a1b6203","学校のプリント整理","ランドセルから出てきた学校のプリントを確認。提出物と行事予定を家族のカレンダーへ登録した。","[""育児""]","35.704","139.6316","自宅","2026-05-29T20:35:00+09:00","2026-05-29T20:35:00+09:00"
"822c6d25-a1e0-50c1-ad5f-556c4b817129","休日の朝食","子どもたちと少し遅めの朝食。今日の予定と家事の分担を確認した。","[""育児"", ""休日""]","35.704","139.6316","自宅","2026-05-30T07:30:00+09:00","2026-05-30T07:30:00+09:00"
"5a74d80d-ca90-5c86-8b71-8ba2648dc565","一週間分の買い出し","家族で一週間分の食材と日用品を買い出し。献立を決めてから回ったので短時間で済んだ。","[""育児""]","35.702","139.634","荻窪駅前スーパー","2026-05-30T08:45:00+09:00","2026-05-30T08:45:00+09:00"
"ae088bd6-b79d-5fb7-b4ac-89239d736659","子ども部屋を掃除","子ども3人と机の上や床を片付けた。不要なプリントを分け、なくしていた消しゴムも見つかった。","[""育児"", ""家事""]","35.704","139.6316","自宅","2026-05-30T10:10:00+09:00","2026-05-30T10:10:00+09:00"
"be6d4337-b864-5811-aad5-e92a24720035","公園で体を動かした","近所の公園で子どもたちとボール遊び。末っ子の自転車の練習にも付き合った。","[""育児""]","35.7","139.638","善福寺公園","2026-05-30T11:40:00+09:00","2026-05-30T11:40:00+09:00"
"3724581c-9502-5262-b454-9e3c0d5a4902","上履きを洗った","学校と保育園から持ち帰った上履き3足を子どもたちと洗った。ベランダに並べて干した。","[""育児""]","35.704","139.6316","自宅","2026-05-30T13:30:00+09:00","2026-05-30T13:30:00+09:00"
"853d07fa-ada8-5915-9457-c5e54065a7d9","学校行事の準備","来週の校外学習に必要な物を長男と確認。雨具と敷物に名前を書いた。","[""育児""]","35.704","139.6316","自宅","2026-05-30T15:20:00+09:00","2026-05-30T15:20:00+09:00"
"d57c1ce6-72c1-53d7-aa17-c4e9fe2124e4","ごみ出し","出勤前に可燃ごみを出した。子ども部屋から集めるだけで袋がいっぱいになった。","[""家事"", ""日常""]","35.704","139.6316","自宅","2026-05-30T17:15:00+09:00","2026-05-30T17:15:00+09:00"
"d701bfe4-852f-5c89-953b-b6b2db83395d","家族で夕食","子どもたちにも配膳を手伝ってもらい、家族そろって夕食。翌日の予定も確認した。","[""育児"", ""食事""]","35.704","139.6316","自宅","2026-05-30T18:40:00+09:00","2026-05-30T18:40:00+09:00"
"e775ab2b-1fbd-5688-a0a9-bc6330ac20c7","夕食の買い出し","帰宅途中に夕食と翌朝の食材を購入。牛乳と卵の減りが今週も早い。","[""家事"", ""日常""]","35.704","139.6316","自宅","2026-05-30T20:15:00+09:00","2026-05-30T20:15:00+09:00"
"7c5a62c4-dfa2-56b7-b5f3-a5691d7db99c","休日の朝食","子どもたちと少し遅めの朝食。今日の予定と家事の分担を確認した。","[""育児"", ""休日""]","35.704","139.6316","自宅","2026-05-31T07:30:00+09:00","2026-05-31T07:30:00+09:00"
"0644b8b9-c0d3-573f-aebf-b84960a32e0f","散髪へ連れて行った","伸びていた長男と次男の髪を切りに行った。待つ間、末っ子と近くで買い物を済ませた。","[""育児""]","35.705","139.635","荻窪駅前","2026-05-31T08:45:00+09:00","2026-05-31T08:45:00+09:00"
"f70fad0d-c2d9-552a-895c-98cbfc104a2f","家族で図書館","返却期限の本を返し、子どもたちは次に読む本を選んだ。寝る前用の絵本も3冊借りた。","[""育児"", ""家事""]","35.706","139.637","杉並区立荻窪図書館","2026-05-31T10:10:00+09:00","2026-05-31T10:10:00+09:00"
"63effce9-e625-5e84-88b5-d67851acfb9b","習い事の送迎","午前は長男の空手、午後は次男のサッカーへ送迎。待ち時間に末っ子と図書館へ寄った。","[""育児""]","35.708","139.629","荻窪小学校","2026-05-31T11:40:00+09:00","2026-05-31T11:40:00+09:00"
"f97deb90-6d5f-5433-b28e-0912c8f3dc46","一週間分の買い出し","家族で一週間分の食材と日用品を買い出し。献立を決めてから回ったので短時間で済んだ。","[""育児""]","35.702","139.634","荻窪駅前スーパー","2026-05-31T13:30:00+09:00","2026-05-31T13:30:00+09:00"
"89ee2977-ff4b-5931-9b07-f40756337ad5","子ども部屋を掃除","子ども3人と机の上や床を片付けた。不要なプリントを分け、なくしていた消しゴムも見つかった。","[""育児""]","35.704","139.6316","自宅","2026-05-31T15:20:00+09:00","2026-05-31T15:20:00+09:00"
"c4adb73e-1ab9-556f-b20d-7c619257a8b2","洗濯物を片付けた","子ども3人分の洗濯物を畳んで各部屋へ。体操着は明日使うので先に乾かした。","[""家事"", ""日常""]","35.704","139.6316","自宅","2026-05-31T17:15:00+09:00","2026-05-31T17:15:00+09:00"
"2c27ed6b-bc9c-5a40-9453-b9ec2c578b25","家族で夕食","子どもたちにも配膳を手伝ってもらい、家族そろって夕食。翌日の予定も確認した。","[""育児"", ""食事""]","35.704","139.6316","自宅","2026-05-31T18:40:00+09:00","2026-05-31T18:40:00+09:00"
"b720d1ca-7bd9-5324-a095-ddc69cd7cb1f","作り置き","平日の夕食が少し楽になるよう、野菜のおかずと下味を付けた肉を準備した。","[""家事"", ""日常""]","35.704","139.6316","自宅","2026-05-31T20:15:00+09:00","2026-05-31T20:15:00+09:00"
